521220,0.0,1.0,1.0
521220,1.0,1.0,1.0
521220,2.0,1.0,1.0
521220,3.0,1.0,1.0
521220,4.0,1.0,1.0
631809,0.0,0.0,0.0
181260,0.0,1.0,1.0
181260,1.0,1.0,1.0
181260,2.0,1.0,1.0
181260,3.0,1.0,1.0
181260,4.0,1.0,1.0
181260,5.0,1.0,1.0
181260,6.0,0.0,0.0
181260,7.0,0.0,0.0
274443,0.0,1.0,1.0
166931,0.0,1.0,1.0
166931,1.0,0.0,0.0
166931,2.0,0.0,0.0
166931,3.0,0.0,0.0
166931,4.0,0.0,0.0
489493,0.0,0.0,0.0
355356,0.0,1.0,1.0
117786,0.0,1.0,1.0
117786,1.0,1.0,1.0
117786,2.0,1.0,1.0
117786,3.0,1.0,1.0
362526,0.0,1.0,1.0
472091,0.0,1.0,1.0
472091,1.0,1.0,1.0
348196,0.0,1.0,1.0
348196,1.0,1.0,1.0
348196,2.0,1.0,1.0
512038,0.0,1.0,1.0
512038,1.0,1.0,1.0
512038,2.0,1.0,1.0
478245,0.0,1.0,1.0
478245,1.0,0.0,0.0
478245,2.0,0.0,0.0
478245,3.0,0.0,0.0
208928,0.0,1.0,1.0
426018,0.0,1.0,1.0
426018,1.0,1.0,1.0
460834,0.0,1.0,1.0
460834,1.0,1.0,1.0
460834,2.0,1.0,1.0
460834,3.0,0.0,0.0
460834,4.0,0.0,0.0
460834,5.0,0.0,0.0
460834,6.0,0.0,0.0
125988,0.0,1.0,1.0
125988,1.0,1.0,1.0
125988,2.0,1.0,1.0
294945,0.0,1.0,1.0
294945,1.0,1.0,1.0
699436,0.0,1.0,1.0
699436,1.0,1.0,1.0
699436,2.0,1.0,1.0
597025,0.0,1.0,1.0
597025,1.0,1.0,1.0
597025,2.0,1.0,1.0
597025,3.0,1.0,1.0
597025,4.0,1.0,1.0
597025,5.0,1.0,1.0
597025,6.0,1.0,1.0
597025,7.0,1.0,1.0
597025,8.0,1.0,1.0
597025,9.0,1.0,1.0
597025,10.0,1.0,1.0
597025,11.0,1.0,1.0
597025,12.0,1.0,1.0
143402,0.0,1.0,1.0
143402,1.0,1.0,1.0
143402,2.0,1.0,1.0
143402,3.0,0.0,0.0
565281,0.0,1.0,1.0
565281,1.0,1.0,1.0
565281,2.0,1.0,1.0
565281,3.0,1.0,1.0
565281,4.0,1.0,1.0
565281,5.0,1.0,1.0
565281,6.0,1.0,1.0
565281,7.0,1.0,1.0
565281,8.0,1.0,1.0
565281,9.0,1.0,1.0
565281,10.0,1.0,1.0
2090,0.0,1.0,1.0
2090,1.0,1.0,1.0
2090,2.0,0.0,0.0
2090,3.0,0.0,0.0
177193,0.0,1.0,1.0
713787,0.0,1.0,1.0
439351,0.0,1.0,1.0
439351,1.0,0.0,0.0
439351,2.0,0.0,0.0
439351,3.0,0.0,0.0
439351,4.0,0.0,0.0
69680,0.0,1.0,1.0
56370,0.0,1.0,1.0
56370,1.0,1.0,1.0
56370,2.0,1.0,1.0
56370,3.0,1.0,1.0
56370,4.0,0.0,0.0
56370,5.0,0.0,0.0
56370,6.0,0.0,0.0
56370,7.0,0.0,0.0
184376,0.0,1.0,1.0
184376,1.0,1.0,1.0
184376,2.0,1.0,1.0
184376,3.0,1.0,1.0
184376,4.0,1.0,0.0
184376,5.0,1.0,0.0
184376,0.0,1.0,1.0
184376,1.0,1.0,1.0
184376,2.0,1.0,1.0
184376,3.0,1.0,1.0
184376,4.0,0.0,0.0
184376,5.0,0.0,0.0
434236,0.0,1.0,1.0
434236,1.0,1.0,1.0
434236,2.0,0.0,0.0
434236,3.0,0.0,0.0
190528,0.0,1.0,1.0
190528,1.0,1.0,1.0
190528,2.0,0.0,0.0
681038,0.0,1.0,1.0
681038,1.0,1.0,1.0
681038,2.0,1.0,1.0
681038,3.0,1.0,1.0
681038,4.0,1.0,1.0
193604,0.0,1.0,1.0
193604,1.0,1.0,1.0
193604,2.0,1.0,1.0
193604,3.0,1.0,1.0
701517,0.0,1.0,1.0
701517,1.0,1.0,1.0
256075,0.0,1.0,1.0
256075,1.0,1.0,1.0
256075,2.0,1.0,1.0
256075,3.0,1.0,1.0
256075,4.0,1.0,1.0
695362,0.0,1.0,1.0
695362,1.0,0.0,0.0
64585,0.0,1.0,1.0
681027,0.0,1.0,1.0
681027,1.0,1.0,1.0
681027,2.0,1.0,1.0
681027,3.0,1.0,1.0
656448,0.0,1.0,1.0
656448,1.0,1.0,1.0
656448,2.0,0.0,0.0
185417,0.0,1.0,1.0
185417,1.0,1.0,1.0
185417,2.0,0.0,0.0
461896,0.0,1.0,1.0
461896,1.0,1.0,1.0
461896,2.0,1.0,1.0
461896,3.0,1.0,1.0
461896,4.0,0.0,0.0
263253,0.0,1.0,1.0
263253,1.0,1.0,1.0
263253,2.0,1.0,1.0
263253,3.0,1.0,1.0
263253,4.0,0.0,0.0
263253,5.0,0.0,0.0
58450,0.0,1.0,1.0
408660,0.0,1.0,1.0
113747,0.0,1.0,1.0
287838,0.0,1.0,1.0
287838,1.0,0.0,0.0
287838,2.0,0.0,0.0
287838,3.0,0.0,0.0
287838,4.0,0.0,0.0
287838,5.0,0.0,0.0
327775,0.0,1.0,1.0
328792,0.0,1.0,1.0
328792,1.0,0.0,0.0
604247,0.0,1.0,1.0
604247,1.0,0.0,0.0
604247,2.0,0.0,0.0
604247,3.0,0.0,0.0
249948,0.0,1.0,1.0
249948,1.0,1.0,1.0
138338,0.0,1.0,1.0
309349,0.0,1.0,1.0
309349,1.0,0.0,0.0
309349,2.0,0.0,0.0
640107,0.0,1.0,1.0
640107,1.0,0.0,0.0
640107,2.0,0.0,0.0
597098,0.0,1.0,1.0
485476,0.0,1.0,1.0
485476,1.0,1.0,1.0
485476,2.0,1.0,1.0
485476,3.0,1.0,1.0
485476,4.0,1.0,1.0
485476,5.0,1.0,1.0
485476,6.0,1.0,1.0
485476,7.0,1.0,1.0
485476,8.0,1.0,1.0
572525,0.0,1.0,1.0
696428,0.0,1.0,1.0
696428,1.0,1.0,1.0
696428,2.0,0.0,0.0
330851,0.0,1.0,1.0
330851,1.0,1.0,1.0
330851,2.0,1.0,1.0
330851,3.0,1.0,1.0
330851,4.0,1.0,1.0
330851,5.0,1.0,1.0
64615,0.0,1.0,1.0
64615,1.0,0.0,0.0
64615,2.0,0.0,0.0
64615,3.0,0.0,0.0
540769,0.0,1.0,1.0
540769,1.0,1.0,1.0
540769,2.0,1.0,1.0
540769,3.0,1.0,1.0
540769,4.0,1.0,1.0
701540,0.0,1.0,1.0
701540,1.0,1.0,1.0
209011,0.0,1.0,1.0
209011,1.0,1.0,1.0
653433,0.0,1.0,1.0
653433,1.0,1.0,1.0
653433,0.0,1.0,1.0
653433,1.0,1.0,1.0
399478,0.0,1.0,1.0
399478,1.0,1.0,1.0
399478,2.0,1.0,1.0
428149,0.0,1.0,1.0
428149,1.0,1.0,1.0
428149,2.0,0.0,0.0
428149,3.0,0.0,0.0
428149,4.0,0.0,0.0
428149,5.0,0.0,0.0
428149,6.0,0.0,0.0
32887,0.0,1.0,1.0
32887,1.0,0.0,0.0
32887,2.0,0.0,0.0
32887,3.0,0.0,0.0
32887,4.0,0.0,0.0
32887,5.0,0.0,0.0
692349,0.0,1.0,1.0
692349,1.0,0.0,0.0
692349,2.0,0.0,0.0
692349,3.0,0.0,0.0
692349,4.0,0.0,0.0
692349,5.0,0.0,0.0
692349,6.0,0.0,0.0
692349,7.0,0.0,0.0
692349,8.0,0.0,0.0
692349,9.0,0.0,0.0
692349,10.0,0.0,0.0
692349,11.0,0.0,0.0
282748,0.0,1.0,1.0
357501,0.0,1.0,1.0
357501,1.0,1.0,1.0
357501,2.0,1.0,1.0
357501,3.0,1.0,1.0
357501,4.0,1.0,1.0
416895,0.0,1.0,1.0
416895,1.0,1.0,1.0
416895,2.0,1.0,1.0
172156,0.0,1.0,1.0
263291,0.0,1.0,1.0
263291,1.0,1.0,1.0
399494,0.0,1.0,1.0
399494,1.0,1.0,1.0
349317,0.0,1.0,1.0
349317,1.0,1.0,1.0
349317,2.0,1.0,1.0
206981,0.0,1.0,1.0
206981,1.0,1.0,1.0
206981,2.0,1.0,1.0
701580,0.0,1.0,1.0
701580,1.0,1.0,1.0
422030,0.0,1.0,1.0
138,0.0,1.0,1.0
138,1.0,1.0,1.0
138,2.0,1.0,1.0
492683,0.0,1.0,1.0
557189,0.0,1.0,1.0
557189,1.0,0.0,0.0
557189,2.0,0.0,0.0
557189,3.0,0.0,0.0
557189,4.0,0.0,0.0
557189,5.0,0.0,0.0
389259,0.0,1.0,1.0
389259,1.0,0.0,0.0
524440,0.0,1.0,1.0
524440,1.0,1.0,1.0
524440,2.0,1.0,1.0
432278,0.0,1.0,1.0
711835,0.0,1.0,1.0
711835,1.0,1.0,1.0
711835,2.0,1.0,1.0
711835,3.0,1.0,1.0
711835,4.0,1.0,1.0
711835,5.0,1.0,1.0
711835,6.0,1.0,1.0
711835,7.0,1.0,1.0
711835,8.0,1.0,1.0
146,0.0,1.0,1.0
146,1.0,1.0,1.0
146,2.0,1.0,1.0
437397,0.0,1.0,1.0
437397,1.0,0.0,0.0
437397,2.0,0.0,0.0
437397,3.0,0.0,0.0
153753,0.0,1.0,1.0
153753,1.0,1.0,1.0
153753,2.0,1.0,1.0
210079,0.0,1.0,1.0
541844,0.0,1.0,1.0
640151,0.0,1.0,1.0
640151,1.0,0.0,0.0
441511,0.0,1.0,1.0
441511,1.0,1.0,1.0
431269,0.0,1.0,1.0
431269,1.0,1.0,1.0
431269,2.0,1.0,1.0
431269,3.0,1.0,1.0
431269,4.0,1.0,1.0
32933,0.0,1.0,1.0
559277,0.0,1.0,1.0
256175,0.0,1.0,1.0
256175,1.0,1.0,1.0
256175,2.0,1.0,1.0
256175,3.0,1.0,1.0
654500,0.0,1.0,1.0
654500,1.0,0.0,0.0
654500,2.0,0.0,0.0
662692,0.0,1.0,1.0
143533,0.0,1.0,1.0
143533,1.0,1.0,1.0
669861,0.0,1.0,1.0
121011,0.0,1.0,1.0
121011,1.0,1.0,1.0
4279,0.0,1.0,1.0
4279,1.0,1.0,1.0
4279,2.0,1.0,1.0
4279,3.0,1.0,1.0
4279,4.0,1.0,1.0
4279,5.0,1.0,1.0
4279,6.0,1.0,1.0
337084,0.0,1.0,1.0
337084,1.0,1.0,1.0
337084,2.0,1.0,1.0
337084,3.0,1.0,1.0
337084,4.0,0.0,0.0
22717,0.0,0.0,0.0
416955,0.0,1.0,1.0
416955,1.0,1.0,1.0
416955,2.0,1.0,1.0
416955,3.0,1.0,1.0
416955,4.0,1.0,1.0
416955,5.0,1.0,1.0
416955,6.0,1.0,1.0
416955,7.0,1.0,1.0
416955,8.0,1.0,1.0
416955,0.0,1.0,1.0
416955,1.0,1.0,1.0
416955,2.0,1.0,1.0
416955,3.0,1.0,1.0
416955,4.0,1.0,1.0
416955,5.0,1.0,1.0
416955,6.0,1.0,1.0
416955,7.0,1.0,1.0
416955,8.0,1.0,1.0
441531,0.0,1.0,1.0
441531,1.0,1.0,1.0
441531,2.0,1.0,1.0
441531,3.0,1.0,1.0
441531,4.0,1.0,1.0
403640,0.0,1.0,1.0
403640,1.0,1.0,1.0
403640,2.0,1.0,1.0
121027,0.0,1.0,1.0
121027,1.0,0.0,0.0
121027,2.0,0.0,0.0
121027,3.0,0.0,0.0
79042,0.0,1.0,1.0
485571,0.0,1.0,1.0
485571,1.0,1.0,1.0
485571,2.0,1.0,1.0
485571,3.0,1.0,1.0
485571,4.0,1.0,1.0
485571,5.0,1.0,1.0
358592,0.0,1.0,1.0
358592,1.0,1.0,1.0
358592,2.0,1.0,1.0
358592,3.0,1.0,1.0
120007,0.0,1.0,1.0
120007,1.0,1.0,1.0
120007,2.0,1.0,1.0
563392,0.0,1.0,1.0
563392,1.0,0.0,0.0
563392,2.0,0.0,0.0
307405,0.0,1.0,1.0
307405,1.0,0.0,0.0
307405,2.0,0.0,0.0
307405,3.0,0.0,0.0
667840,0.0,1.0,1.0
667840,1.0,0.0,0.0
176328,0.0,1.0,1.0
708827,0.0,1.0,1.0
708827,1.0,0.0,0.0
513237,0.0,1.0,1.0
513237,1.0,1.0,1.0
513237,2.0,0.0,0.0
513237,3.0,0.0,0.0
391377,0.0,1.0,1.0
405713,0.0,1.0,1.0
279772,0.0,1.0,1.0
279772,1.0,0.0,0.0
13530,0.0,1.0,1.0
13530,1.0,1.0,1.0
13530,2.0,1.0,1.0
13530,3.0,1.0,1.0
13530,4.0,1.0,1.0
13530,5.0,1.0,1.0
13530,6.0,1.0,1.0
13530,7.0,1.0,1.0
13530,8.0,0.0,0.0
330974,0.0,1.0,1.0
330974,0.0,1.0,1.0
680145,0.0,1.0,1.0
680145,1.0,1.0,1.0
680145,2.0,1.0,1.0
680145,3.0,1.0,1.0
680145,4.0,1.0,1.0
680145,5.0,1.0,1.0
680145,6.0,1.0,1.0
680145,7.0,1.0,1.0
396507,0.0,1.0,1.0
396507,1.0,1.0,1.0
396507,2.0,0.0,0.0
396507,3.0,0.0,0.0
396507,4.0,0.0,0.0
70878,0.0,1.0,1.0
70878,1.0,1.0,1.0
70878,2.0,0.0,0.0
70878,3.0,0.0,0.0
70878,4.0,0.0,0.0
441574,0.0,1.0,1.0
441574,1.0,0.0,0.0
219362,0.0,1.0,1.0
219362,1.0,0.0,0.0
219362,2.0,0.0,0.0
219362,3.0,0.0,0.0
219362,4.0,0.0,0.0
170208,0.0,1.0,1.0
427236,0.0,1.0,1.0
427236,1.0,0.0,0.0
427236,2.0,0.0,0.0
90340,0.0,1.0,1.0
90340,1.0,0.0,0.0
90340,2.0,0.0,0.0
250085,0.0,1.0,1.0
250085,1.0,1.0,1.0
250085,2.0,1.0,1.0
488673,0.0,1.0,1.0
488673,1.0,1.0,1.0
488673,2.0,0.0,0.0
488673,3.0,0.0,0.0
488673,4.0,0.0,0.0
671970,0.0,1.0,1.0
582883,0.0,1.0,1.0
634082,0.0,1.0,1.0
634082,1.0,0.0,0.0
634082,2.0,0.0,0.0
634082,3.0,0.0,0.0
291049,0.0,1.0,1.0
291049,1.0,0.0,0.0
291049,2.0,0.0,0.0
291049,3.0,0.0,0.0
268522,0.0,1.0,1.0
508150,0.0,1.0,1.0
508150,1.0,1.0,0.0
112883,0.0,1.0,1.0
112883,1.0,0.0,0.0
268535,0.0,1.0,1.0
421107,0.0,1.0,1.0
421107,1.0,1.0,1.0
421107,2.0,1.0,1.0
338160,0.0,1.0,1.0
338160,1.0,1.0,1.0
338160,2.0,1.0,1.0
338160,3.0,1.0,1.0
338160,4.0,1.0,1.0
338160,5.0,1.0,1.0
338160,6.0,1.0,1.0
338160,7.0,1.0,1.0
391410,0.0,1.0,1.0
391410,1.0,1.0,1.0
391410,2.0,1.0,1.0
391410,3.0,1.0,1.0
391410,4.0,1.0,1.0
391410,5.0,1.0,1.0
391410,6.0,1.0,1.0
615666,0.0,1.0,1.0
615666,1.0,1.0,1.0
615666,2.0,1.0,1.0
615666,3.0,1.0,1.0
12539,0.0,1.0,1.0
12539,1.0,1.0,1.0
513276,0.0,1.0,1.0
513276,1.0,0.0,0.0
513276,2.0,0.0,0.0
513276,3.0,0.0,0.0
513276,4.0,0.0,0.0
513276,5.0,0.0,0.0
513276,6.0,0.0,0.0
513276,7.0,0.0,0.0
513276,8.0,0.0,0.0
513276,9.0,0.0,0.0
513276,10.0,0.0,0.0
236798,0.0,1.0,1.0
236798,1.0,1.0,1.0
236798,2.0,1.0,1.0
512262,0.0,1.0,1.0
512262,1.0,1.0,1.0
649482,0.0,1.0,1.0
649482,1.0,1.0,1.0
649482,2.0,0.0,0.0
649482,3.0,0.0,0.0
649482,4.0,0.0,0.0
649482,5.0,0.0,0.0
19718,0.0,1.0,1.0
19718,1.0,0.0,0.0
19718,2.0,0.0,0.0
341250,0.0,1.0,1.0
341250,1.0,1.0,1.0
554255,0.0,1.0,1.0
554255,1.0,0.0,0.0
554255,2.0,0.0,0.0
111881,0.0,1.0,1.0
111881,1.0,0.0,0.0
111881,2.0,0.0,0.0
209171,0.0,1.0,1.0
619804,0.0,1.0,1.0
619804,1.0,0.0,0.0
208148,0.0,1.0,1.0
208148,1.0,1.0,1.0
167194,0.0,1.0,1.0
167194,1.0,1.0,1.0
167194,2.0,1.0,1.0
178459,0.0,1.0,1.0
178459,1.0,0.0,0.0
471325,0.0,1.0,1.0
492826,0.0,1.0,1.0
492826,1.0,1.0,1.0
492826,2.0,1.0,1.0
208160,0.0,1.0,1.0
208160,1.0,0.0,0.0
208160,2.0,0.0,0.0
208160,3.0,0.0,0.0
208160,4.0,0.0,0.0
208160,5.0,0.0,0.0
208160,6.0,0.0,0.0
142625,0.0,1.0,1.0
142625,1.0,1.0,1.0
60708,0.0,1.0,1.0
72996,0.0,1.0,1.0
72996,1.0,0.0,0.0
72996,2.0,0.0,0.0
72996,3.0,0.0,0.0
72996,4.0,0.0,0.0
72996,5.0,0.0,0.0
72996,6.0,0.0,0.0
72996,7.0,0.0,0.0
389408,0.0,1.0,1.0
389408,1.0,1.0,1.0
389408,2.0,1.0,1.0
389408,3.0,1.0,1.0
389408,4.0,1.0,1.0
321825,0.0,1.0,1.0
321825,1.0,0.0,0.0
576814,0.0,1.0,1.0
576814,1.0,1.0,1.0
576814,2.0,1.0,1.0
576814,3.0,1.0,1.0
576814,4.0,1.0,1.0
576814,5.0,1.0,1.0
404769,0.0,1.0,1.0
404769,1.0,0.0,0.0
404769,2.0,0.0,0.0
404769,3.0,0.0,0.0
404769,4.0,0.0,0.0
9513,0.0,1.0,1.0
9513,1.0,1.0,1.0
9513,2.0,1.0,1.0
9513,3.0,1.0,1.0
9513,4.0,1.0,1.0
9513,5.0,1.0,1.0
9513,6.0,1.0,1.0
9513,7.0,1.0,1.0
9513,8.0,1.0,1.0
9513,9.0,1.0,1.0
9513,10.0,1.0,1.0
9513,11.0,1.0,1.0
9513,12.0,1.0,1.0
9513,13.0,1.0,1.0
707876,0.0,1.0,1.0
309547,0.0,1.0,1.0
151853,0.0,1.0,1.0
151853,1.0,1.0,1.0
151853,2.0,1.0,1.0
151853,3.0,1.0,1.0
151853,4.0,1.0,1.0
13617,0.0,1.0,1.0
13617,1.0,1.0,1.0
13617,2.0,1.0,1.0
511286,0.0,1.0,1.0
511286,1.0,1.0,1.0
511286,2.0,1.0,1.0
511286,3.0,1.0,1.0
671032,0.0,1.0,1.0
671032,1.0,1.0,1.0
671032,2.0,1.0,1.0
671032,3.0,1.0,1.0
645436,0.0,1.0,1.0
645436,1.0,1.0,1.0
645436,2.0,1.0,1.0
645436,3.0,1.0,1.0
645436,4.0,1.0,1.0
645436,5.0,1.0,1.0
645436,6.0,0.0,0.0
551229,0.0,1.0,1.0
551229,1.0,1.0,1.0
551229,2.0,1.0,1.0
551229,3.0,1.0,1.0
551229,4.0,1.0,1.0
551229,5.0,1.0,1.0
551229,6.0,1.0,1.0
551229,7.0,1.0,1.0
551229,8.0,1.0,1.0
9526,0.0,1.0,1.0
9526,1.0,0.0,0.0
9526,2.0,0.0,0.0
9526,3.0,0.0,0.0
9526,4.0,0.0,0.0
116024,0.0,1.0,1.0
116024,1.0,1.0,1.0
634160,0.0,1.0,1.0
296261,0.0,1.0,1.0
296261,1.0,1.0,1.0
296261,2.0,1.0,1.0
296261,3.0,1.0,1.0
296261,4.0,1.0,1.0
27970,0.0,1.0,1.0
27970,1.0,0.0,0.0
27970,2.0,0.0,0.0
485700,0.0,1.0,1.0
485700,1.0,1.0,1.0
485700,2.0,1.0,1.0
485700,3.0,0.0,0.0
656717,0.0,1.0,1.0
656717,1.0,0.0,0.0
656717,2.0,0.0,0.0
656717,3.0,0.0,0.0
271692,0.0,1.0,1.0
271692,1.0,1.0,1.0
271692,2.0,0.0,0.0
74056,0.0,1.0,1.0
74056,1.0,1.0,1.0
74056,2.0,1.0,1.0
38217,0.0,1.0,1.0
38217,1.0,1.0,1.0
235855,0.0,1.0,1.0
235855,1.0,1.0,1.0
350536,0.0,1.0,1.0
350536,1.0,1.0,1.0
350536,2.0,1.0,1.0
350536,3.0,1.0,1.0
350536,4.0,1.0,1.0
350536,5.0,1.0,1.0
350536,6.0,1.0,1.0
420171,0.0,1.0,1.0
420171,1.0,1.0,1.0
420171,2.0,1.0,1.0
420171,3.0,1.0,1.0
420171,4.0,0.0,0.0
551238,0.0,1.0,1.0
551238,1.0,1.0,1.0
551238,2.0,1.0,1.0
551238,3.0,1.0,1.0
414025,0.0,1.0,1.0
414025,1.0,0.0,0.0
554311,0.0,1.0,1.0
554311,1.0,1.0,1.0
554311,2.0,1.0,1.0
554311,3.0,1.0,1.0
554311,4.0,0.0,0.0
554311,5.0,0.0,0.0
554311,6.0,0.0,0.0
554311,7.0,0.0,0.0
554311,8.0,0.0,0.0
554311,9.0,0.0,0.0
554311,10.0,0.0,0.0
25937,0.0,1.0,1.0
25937,1.0,1.0,1.0
25937,2.0,1.0,1.0
25937,3.0,0.0,0.0
25937,4.0,0.0,0.0
25937,5.0,0.0,0.0
453973,0.0,0.0,0.0
453973,1.0,0.0,0.0
453973,2.0,0.0,0.0
683353,0.0,1.0,1.0
683353,1.0,1.0,1.0
683353,2.0,1.0,1.0
683353,3.0,1.0,1.0
204112,0.0,1.0,1.0
204112,1.0,0.0,0.0
447839,0.0,1.0,1.0
447839,1.0,1.0,1.0
516446,0.0,1.0,1.0
516446,1.0,1.0,1.0
516446,2.0,1.0,1.0
74074,0.0,1.0,1.0
74074,1.0,0.0,0.0
74074,2.0,0.0,0.0
74074,3.0,0.0,0.0
74074,4.0,0.0,0.0
351582,0.0,1.0,1.0
351582,1.0,1.0,1.0
93532,0.0,1.0,1.0
93532,1.0,1.0,1.0
562536,0.0,1.0,1.0
562536,1.0,0.0,0.0
562536,2.0,0.0,0.0
120160,0.0,1.0,1.0
170341,0.0,1.0,1.0
244073,0.0,1.0,1.0
244073,1.0,0.0,0.0
244073,2.0,0.0,0.0
244073,3.0,0.0,0.0
244073,4.0,0.0,0.0
493931,0.0,1.0,1.0
493931,1.0,1.0,1.0
493931,2.0,1.0,1.0
493931,3.0,1.0,1.0
526692,0.0,1.0,1.0
526692,1.0,1.0,1.0
526692,2.0,1.0,1.0
526692,3.0,1.0,1.0
526692,4.0,0.0,0.0
526692,5.0,0.0,0.0
526692,6.0,0.0,0.0
526692,7.0,0.0,0.0
526692,8.0,0.0,0.0
526692,9.0,0.0,0.0
526692,10.0,0.0,0.0
526692,11.0,0.0,0.0
639333,0.0,0.0,0.0
446827,0.0,1.0,1.0
446827,1.0,1.0,1.0
36206,0.0,1.0,1.0
321909,0.0,1.0,1.0
321909,1.0,1.0,1.0
321909,2.0,1.0,1.0
321909,3.0,1.0,1.0
587129,0.0,1.0,1.0
587129,1.0,0.0,0.0
486773,0.0,1.0,1.0
486773,1.0,1.0,1.0
486773,2.0,0.0,0.0
708985,0.0,1.0,1.0
528765,0.0,0.0,0.0
528765,1.0,0.0,0.0
528765,2.0,0.0,0.0
528765,3.0,0.0,0.0
528765,4.0,0.0,0.0
528765,5.0,0.0,0.0
528765,6.0,0.0,0.0
485745,0.0,1.0,1.0
485745,1.0,0.0,0.0
485745,2.0,0.0,0.0
485745,3.0,0.0,0.0
485745,4.0,0.0,0.0
485745,5.0,0.0,0.0
580991,0.0,1.0,1.0
580991,1.0,1.0,1.0
580991,2.0,1.0,1.0
580991,3.0,0.0,0.0
181621,0.0,1.0,1.0
181621,1.0,1.0,1.0
568688,0.0,1.0,1.0
568688,1.0,1.0,1.0
568688,2.0,1.0,1.0
568688,3.0,1.0,1.0
568688,4.0,1.0,1.0
568688,5.0,1.0,1.0
568688,6.0,1.0,1.0
206205,0.0,1.0,1.0
206205,1.0,1.0,1.0
471417,0.0,1.0,1.0
471417,1.0,0.0,0.0
120190,0.0,1.0,1.0
120190,1.0,1.0,1.0
120190,2.0,1.0,1.0
662922,0.0,1.0,1.0
662922,1.0,1.0,1.0
143754,0.0,1.0,1.0
143754,1.0,1.0,1.0
143754,2.0,0.0,0.0
143754,3.0,0.0,0.0
143754,4.0,0.0,0.0
710019,0.0,1.0,1.0
687488,0.0,1.0,1.0
687488,1.0,0.0,0.0
134537,0.0,1.0,1.0
134537,1.0,1.0,1.0
432522,0.0,1.0,1.0
432522,1.0,0.0,0.0
432522,2.0,0.0,0.0
136590,0.0,1.0,1.0
704901,0.0,1.0,1.0
704901,1.0,0.0,0.0
704901,2.0,0.0,0.0
704901,3.0,0.0,0.0
704901,4.0,0.0,0.0
434581,0.0,1.0,1.0
434581,1.0,1.0,1.0
434581,2.0,1.0,1.0
434581,3.0,1.0,1.0
434581,4.0,1.0,1.0
338321,0.0,1.0,1.0
57748,0.0,1.0,1.0
447888,0.0,1.0,1.0
447888,1.0,1.0,1.0
387474,0.0,1.0,1.0
387474,1.0,1.0,1.0
266643,0.0,1.0,1.0
266643,1.0,1.0,1.0
266643,2.0,0.0,0.0
401823,0.0,1.0,1.0
401823,1.0,1.0,1.0
177560,0.0,1.0,1.0
3483,0.0,1.0,1.0
3483,1.0,1.0,1.0
3483,2.0,0.0,0.0
3483,3.0,0.0,0.0
3483,4.0,0.0,0.0
550314,0.0,1.0,1.0
550314,1.0,1.0,1.0
550314,2.0,1.0,1.0
693672,0.0,1.0,1.0
534954,0.0,1.0,1.0
402853,0.0,1.0,1.0
402853,1.0,1.0,1.0
700846,0.0,1.0,1.0
700846,1.0,1.0,1.0
700846,2.0,1.0,1.0
700846,3.0,0.0,0.0
249252,0.0,1.0,1.0
249252,1.0,0.0,0.0
249252,2.0,0.0,0.0
249252,3.0,0.0,0.0
437676,0.0,1.0,1.0
437676,1.0,1.0,1.0
437676,2.0,1.0,1.0
437676,3.0,1.0,1.0
437676,4.0,1.0,1.0
437676,5.0,1.0,1.0
379305,0.0,1.0,1.0
379305,1.0,1.0,1.0
379305,2.0,1.0,1.0
379305,3.0,1.0,1.0
379305,4.0,1.0,1.0
379305,5.0,1.0,1.0
379305,6.0,1.0,1.0
379305,7.0,1.0,1.0
379305,8.0,0.0,0.0
379305,9.0,0.0,0.0
379305,10.0,0.0,0.0
379305,11.0,0.0,0.0
379305,12.0,0.0,0.0
286121,0.0,1.0,1.0
286121,1.0,1.0,1.0
286121,2.0,1.0,1.0
286121,3.0,0.0,0.0
286121,4.0,0.0,0.0
286121,5.0,0.0,0.0
286121,6.0,0.0,0.0
305577,0.0,1.0,1.0
305577,1.0,0.0,0.0
500137,0.0,1.0,1.0
176557,0.0,1.0,1.0
688549,0.0,1.0,1.0
688549,1.0,1.0,1.0
166323,0.0,1.0,1.0
166323,1.0,1.0,1.0
166323,2.0,1.0,1.0
166323,3.0,1.0,1.0
166323,4.0,1.0,1.0
166323,5.0,1.0,1.0
166323,6.0,1.0,1.0
573882,0.0,1.0,1.0
134582,0.0,1.0,1.0
134582,1.0,0.0,0.0
134582,2.0,0.0,0.0
586175,0.0,1.0,1.0
708029,0.0,1.0,1.0
708029,1.0,0.0,0.0
256441,0.0,1.0,1.0
399803,0.0,1.0,1.0
399803,1.0,0.0,0.0
399803,2.0,0.0,0.0
399803,3.0,0.0,0.0
399803,4.0,0.0,0.0
439736,0.0,1.0,1.0
439736,1.0,1.0,1.0
444868,0.0,1.0,1.0
444868,1.0,0.0,0.0
125379,0.0,1.0,1.0
125379,1.0,0.0,0.0
421315,0.0,1.0,1.0
421315,1.0,0.0,0.0
421315,2.0,0.0,0.0
421315,3.0,0.0,0.0
421315,4.0,0.0,0.0
421315,5.0,0.0,0.0
421315,6.0,0.0,0.0
506306,0.0,1.0,1.0
506306,1.0,1.0,1.0
506306,2.0,1.0,1.0
506306,3.0,1.0,1.0
153028,0.0,1.0,1.0
153028,1.0,1.0,1.0
153028,2.0,1.0,1.0
153028,3.0,0.0,0.0
350659,0.0,1.0,1.0
350659,1.0,1.0,1.0
640462,0.0,1.0,1.0
630222,0.0,1.0,1.0
630222,1.0,1.0,1.0
630222,2.0,1.0,1.0
630222,3.0,1.0,1.0
630222,4.0,1.0,1.0
630222,5.0,1.0,1.0
630222,6.0,1.0,1.0
380354,0.0,1.0,1.0
380354,1.0,1.0,1.0
380354,2.0,0.0,0.0
391628,0.0,1.0,1.0
391628,1.0,1.0,1.0
391628,2.0,1.0,1.0
391628,3.0,1.0,1.0
391628,4.0,1.0,1.0
391628,5.0,1.0,1.0
391628,6.0,0.0,0.0
391628,7.0,0.0,0.0
144843,0.0,1.0,1.0
144843,1.0,1.0,1.0
144843,2.0,1.0,1.0
144843,3.0,1.0,1.0
144843,4.0,1.0,1.0
157128,0.0,0.0,0.0
157128,1.0,0.0,0.0
437705,0.0,1.0,1.0
437705,1.0,1.0,1.0
437705,2.0,1.0,1.0
437705,3.0,1.0,1.0
437705,4.0,1.0,1.0
437705,5.0,1.0,1.0
437705,6.0,1.0,1.0
251340,0.0,0.0,0.0
440791,0.0,1.0,1.0
440791,1.0,1.0,1.0
440791,2.0,1.0,1.0
390614,0.0,1.0,1.0
396766,0.0,1.0,1.0
396766,1.0,0.0,0.0
637396,0.0,1.0,1.0
637396,1.0,0.0,0.0
455128,0.0,1.0,1.0
455128,1.0,1.0,1.0
455128,2.0,1.0,1.0
455128,3.0,1.0,1.0
455128,4.0,1.0,1.0
455128,5.0,0.0,0.0
317926,0.0,1.0,1.0
317926,1.0,1.0,1.0
317926,2.0,0.0,0.0
337377,0.0,1.0,1.0
337377,1.0,1.0,1.0
483811,0.0,1.0,1.0
483811,1.0,0.0,0.0
483811,2.0,0.0,0.0
483811,3.0,0.0,0.0
708064,0.0,1.0,1.0
397802,0.0,1.0,1.0
397802,1.0,1.0,1.0
492011,0.0,1.0,1.0
492011,1.0,1.0,1.0
492011,2.0,0.0,0.0
492011,3.0,0.0,0.0
492011,4.0,0.0,0.0
492011,5.0,0.0,0.0
492011,6.0,0.0,0.0
526821,0.0,1.0,1.0
539110,0.0,1.0,1.0
429545,0.0,1.0,1.0
429545,1.0,1.0,1.0
429545,2.0,1.0,1.0
419319,0.0,1.0,1.0
419319,1.0,0.0,0.0
419319,2.0,0.0,0.0
419319,3.0,0.0,0.0
419319,4.0,0.0,0.0
419319,5.0,0.0,0.0
176624,0.0,1.0,1.0
176624,1.0,1.0,1.0
176624,2.0,1.0,1.0
385520,0.0,1.0,1.0
385520,1.0,1.0,1.0
385520,2.0,1.0,1.0
385520,3.0,1.0,1.0
385520,4.0,0.0,0.0
385520,5.0,0.0,0.0
385520,6.0,0.0,0.0
431603,0.0,1.0,1.0
431603,1.0,1.0,1.0
431603,2.0,1.0,1.0
431603,3.0,1.0,1.0
431603,4.0,1.0,1.0
152059,0.0,1.0,1.0
152059,1.0,1.0,1.0
180731,0.0,1.0,1.0
180731,1.0,0.0,0.0
180731,2.0,0.0,0.0
180731,3.0,0.0,0.0
133624,0.0,1.0,1.0
133624,1.0,1.0,1.0
133624,2.0,1.0,1.0
133624,3.0,1.0,1.0
581106,0.0,1.0,1.0
581106,1.0,1.0,1.0
581106,2.0,0.0,0.0
6651,0.0,1.0,1.0
6651,1.0,1.0,1.0
6651,2.0,1.0,1.0
6651,3.0,1.0,1.0
6651,4.0,1.0,1.0
6651,5.0,1.0,1.0
6651,6.0,0.0,0.0
209400,0.0,1.0,1.0
425467,0.0,1.0,1.0
425467,1.0,1.0,1.0
425467,2.0,1.0,1.0
425467,3.0,1.0,1.0
425467,4.0,1.0,1.0
209406,0.0,1.0,1.0
209406,1.0,1.0,1.0
209406,2.0,1.0,1.0
209406,3.0,1.0,1.0
442872,0.0,1.0,1.0
442872,1.0,1.0,1.0
442872,2.0,0.0,0.0
442872,3.0,0.0,0.0
470520,0.0,1.0,1.0
711177,0.0,1.0,1.0
711177,1.0,0.0,0.0
711177,2.0,0.0,0.0
298496,0.0,1.0,1.0
298496,1.0,0.0,0.0
6662,0.0,1.0,1.0
6662,1.0,1.0,1.0
20999,0.0,0.0,0.0
253451,0.0,1.0,1.0
253451,1.0,1.0,1.0
71180,0.0,1.0,1.0
71180,1.0,0.0,0.0
71180,2.0,0.0,0.0
71180,3.0,0.0,0.0
208403,0.0,1.0,1.0
208403,1.0,1.0,1.0
641565,0.0,1.0,1.0
641565,1.0,1.0,1.0
641565,2.0,1.0,1.0
641565,3.0,1.0,1.0
641565,4.0,1.0,1.0
641565,5.0,1.0,1.0
641565,6.0,1.0,1.0
641565,7.0,1.0,1.0
641565,8.0,1.0,1.0
641565,9.0,1.0,1.0
654877,0.0,1.0,1.0
524830,0.0,1.0,1.0
524830,1.0,1.0,1.0
524830,2.0,1.0,1.0
524830,3.0,1.0,1.0
524830,4.0,1.0,1.0
524830,5.0,0.0,0.0
701971,0.0,1.0,1.0
701971,1.0,1.0,1.0
346655,0.0,1.0,1.0
283162,0.0,1.0,1.0
283162,1.0,1.0,1.0
283162,2.0,1.0,1.0
283162,0.0,1.0,1.0
283162,1.0,1.0,1.0
283162,2.0,1.0,1.0
395800,0.0,1.0,1.0
395800,1.0,1.0,1.0
395800,2.0,1.0,1.0
395800,3.0,1.0,1.0
395800,4.0,0.0,0.0
395800,5.0,0.0,0.0
395800,6.0,0.0,0.0
395800,7.0,0.0,0.0
395800,8.0,0.0,0.0
395800,9.0,0.0,0.0
395800,10.0,0.0,0.0
434726,0.0,1.0,1.0
434726,1.0,1.0,1.0
434726,2.0,1.0,1.0
434726,3.0,1.0,1.0
434726,4.0,1.0,1.0
84512,0.0,1.0,1.0
84512,1.0,1.0,1.0
84512,2.0,1.0,1.0
84512,3.0,0.0,0.0
84512,4.0,0.0,0.0
84512,5.0,0.0,0.0
84512,6.0,0.0,0.0
84512,7.0,0.0,0.0
84512,8.0,0.0,0.0
84512,9.0,0.0,0.0
281126,0.0,1.0,1.0
281126,1.0,1.0,1.0
281126,2.0,1.0,1.0
281126,3.0,1.0,1.0
281126,4.0,1.0,1.0
555563,0.0,1.0,1.0
555563,1.0,1.0,1.0
555563,2.0,1.0,1.0
250404,0.0,1.0,1.0
250404,1.0,1.0,1.0
250404,2.0,0.0,0.0
250404,3.0,0.0,0.0
133675,0.0,1.0,1.0
133675,1.0,1.0,1.0
133675,2.0,1.0,1.0
133675,3.0,1.0,1.0
355887,0.0,1.0,1.0
355887,1.0,1.0,1.0
132648,0.0,1.0,1.0
132648,1.0,1.0,1.0
132648,2.0,0.0,0.0
41519,0.0,1.0,1.0
230956,0.0,0.0,0.0
230956,1.0,0.0,0.0
688698,0.0,1.0,1.0
688698,1.0,1.0,1.0
688698,2.0,1.0,1.0
690751,0.0,1.0,1.0
690751,1.0,1.0,1.0
690751,2.0,1.0,1.0
690751,3.0,1.0,1.0
690751,4.0,1.0,1.0
690751,5.0,1.0,1.0
690751,6.0,0.0,0.0
690751,7.0,0.0,0.0
690751,8.0,0.0,0.0
586288,0.0,1.0,1.0
420410,0.0,1.0,1.0
420410,1.0,1.0,1.0
420410,2.0,1.0,1.0
420410,3.0,1.0,1.0
420410,4.0,1.0,1.0
420410,5.0,1.0,1.0
420410,6.0,1.0,1.0
420410,7.0,1.0,1.0
420410,8.0,1.0,1.0
420410,9.0,1.0,1.0
420410,10.0,1.0,1.0
420410,11.0,1.0,1.0
420410,12.0,1.0,1.0
380472,0.0,1.0,1.0
380472,1.0,1.0,1.0
522809,0.0,1.0,1.0
522809,1.0,1.0,1.0
522809,2.0,1.0,1.0
522809,3.0,1.0,1.0
522809,4.0,0.0,0.0
522809,5.0,0.0,0.0
522809,6.0,0.0,0.0
522809,7.0,0.0,0.0
522809,8.0,0.0,0.0
522809,9.0,0.0,0.0
522809,10.0,0.0,0.0
395844,0.0,1.0,1.0
395844,1.0,1.0,1.0
395844,2.0,1.0,1.0
395844,3.0,1.0,1.0
395844,4.0,0.0,0.0
39490,0.0,1.0,1.0
39490,1.0,0.0,0.0
380480,0.0,1.0,1.0
219717,0.0,1.0,1.0
219717,1.0,1.0,1.0
219717,2.0,1.0,1.0
219717,3.0,1.0,1.0
661068,0.0,1.0,1.0
661068,1.0,1.0,1.0
661068,2.0,1.0,1.0
661068,3.0,1.0,1.0
661068,4.0,1.0,1.0
197188,0.0,1.0,1.0
197188,1.0,1.0,1.0
197188,2.0,1.0,1.0
197188,3.0,0.0,0.0
94793,0.0,1.0,1.0
94793,1.0,0.0,0.0
94793,2.0,0.0,0.0
355916,0.0,1.0,1.0
355916,1.0,1.0,1.0
355916,2.0,1.0,1.0
110152,0.0,1.0,1.0
110152,1.0,1.0,1.0
704064,0.0,1.0,1.0
704064,1.0,1.0,1.0
704064,2.0,1.0,1.0
704064,3.0,1.0,1.0
704064,4.0,1.0,1.0
704064,5.0,1.0,1.0
704064,6.0,1.0,1.0
704064,7.0,1.0,1.0
704064,8.0,1.0,1.0
704064,9.0,1.0,1.0
704064,10.0,1.0,1.0
704064,11.0,1.0,1.0
704064,12.0,0.0,0.0
704064,13.0,0.0,0.0
704064,14.0,0.0,0.0
704064,15.0,0.0,0.0
704064,16.0,0.0,0.0
704064,17.0,0.0,0.0
704064,18.0,0.0,0.0
704064,19.0,0.0,0.0
505419,0.0,1.0,1.0
505419,1.0,1.0,1.0
505419,2.0,1.0,1.0
383561,0.0,1.0,1.0
383561,1.0,1.0,1.0
383561,2.0,1.0,1.0
277064,0.0,1.0,1.0
277064,1.0,1.0,1.0
145999,0.0,1.0,1.0
145999,1.0,1.0,1.0
145999,2.0,1.0,1.0
145999,3.0,1.0,1.0
145999,4.0,1.0,1.0
145999,5.0,1.0,1.0
179788,0.0,1.0,1.0
246348,0.0,1.0,1.0
638558,0.0,1.0,1.0
638558,1.0,0.0,0.0
638558,2.0,0.0,0.0
638558,3.0,0.0,0.0
638558,4.0,0.0,0.0
83542,0.0,1.0,1.0
83542,1.0,1.0,1.0
83542,2.0,1.0,1.0
83542,3.0,1.0,1.0
83542,4.0,0.0,0.0
83542,5.0,0.0,0.0
83542,6.0,0.0,0.0
83542,7.0,0.0,0.0
83542,8.0,0.0,0.0
83542,9.0,0.0,0.0
84571,0.0,1.0,1.0
244312,0.0,1.0,1.0
244312,1.0,1.0,1.0
6748,0.0,1.0,1.0
6748,1.0,1.0,1.0
625256,0.0,1.0,1.0
625256,1.0,1.0,1.0
625256,2.0,1.0,1.0
300646,0.0,1.0,1.0
300646,1.0,1.0,1.0
379494,0.0,1.0,1.0
379494,1.0,1.0,1.0
379494,2.0,1.0,1.0
379494,3.0,0.0,0.0
379494,4.0,0.0,0.0
379494,5.0,0.0,0.0
120418,0.0,1.0,1.0
120418,1.0,1.0,1.0
120418,2.0,1.0,1.0
120418,3.0,1.0,1.0
387681,0.0,1.0,1.0
387681,1.0,0.0,0.0
387681,2.0,0.0,0.0
387681,3.0,0.0,0.0
387681,4.0,0.0,0.0
1636,0.0,1.0,1.0
1636,1.0,0.0,0.0
1636,2.0,0.0,0.0
1636,3.0,0.0,0.0
290412,0.0,1.0,1.0
290412,1.0,1.0,1.0
649825,0.0,1.0,1.0
652896,0.0,1.0,1.0
181865,0.0,1.0,1.0
181865,1.0,1.0,1.0
99946,0.0,1.0,1.0
99946,1.0,1.0,1.0
99946,2.0,0.0,0.0
183918,0.0,1.0,1.0
183918,1.0,1.0,1.0
183918,2.0,1.0,1.0
557668,0.0,1.0,1.0
557668,1.0,1.0,1.0
557668,2.0,1.0,1.0
557668,3.0,1.0,1.0
557668,4.0,0.0,0.0
129645,0.0,1.0,1.0
111212,0.0,1.0,1.0
111212,1.0,1.0,1.0
111212,2.0,0.0,0.0
590439,0.0,1.0,1.0
590439,1.0,1.0,1.0
543334,0.0,1.0,1.0
543334,1.0,1.0,1.0
543334,2.0,1.0,1.0
543334,3.0,1.0,1.0
543334,4.0,1.0,1.0
543334,5.0,1.0,1.0
543334,6.0,0.0,0.0
23153,0.0,1.0,1.0
23153,1.0,1.0,1.0
23153,2.0,1.0,1.0
23153,3.0,1.0,1.0
23153,4.0,1.0,1.0
23153,5.0,0.0,0.0
360055,0.0,1.0,1.0
276080,0.0,1.0,1.0
276080,1.0,1.0,1.0
276080,0.0,1.0,1.0
276080,1.0,1.0,1.0
682620,0.0,1.0,1.0
682620,1.0,0.0,0.0
710269,0.0,1.0,1.0
710269,1.0,1.0,1.0
710269,2.0,0.0,0.0
193145,0.0,1.0,1.0
193145,1.0,0.0,0.0
603785,0.0,1.0,1.0
603785,1.0,1.0,1.0
463494,0.0,1.0,1.0
463494,1.0,1.0,1.0
463494,2.0,1.0,1.0
463494,3.0,0.0,0.0
463494,4.0,0.0,0.0
463494,5.0,0.0,0.0
463494,6.0,0.0,0.0
463494,7.0,0.0,0.0
463494,8.0,0.0,0.0
463494,9.0,0.0,0.0
463494,10.0,0.0,0.0
463494,11.0,0.0,0.0
561802,0.0,1.0,1.0
561802,1.0,1.0,1.0
561802,2.0,1.0,1.0
561802,3.0,1.0,1.0
561802,4.0,1.0,1.0
561802,5.0,1.0,1.0
561802,6.0,1.0,1.0
561802,7.0,1.0,1.0
561802,8.0,1.0,1.0
561802,9.0,0.0,0.0
561802,10.0,0.0,0.0
561802,11.0,0.0,0.0
561802,12.0,0.0,0.0
561802,13.0,0.0,0.0
561802,14.0,0.0,0.0
561802,15.0,0.0,0.0
221831,0.0,1.0,1.0
221831,1.0,1.0,1.0
221831,2.0,0.0,0.0
250505,0.0,1.0,1.0
250505,1.0,1.0,1.0
428685,0.0,1.0,1.0
428685,1.0,1.0,1.0
272015,0.0,1.0,1.0
419469,0.0,1.0,1.0
419469,1.0,1.0,1.0
419469,2.0,0.0,0.0
419469,3.0,0.0,0.0
419469,4.0,0.0,0.0
174729,0.0,1.0,1.0
174729,1.0,1.0,1.0
174729,2.0,0.0,0.0
160393,0.0,1.0,1.0
160393,1.0,1.0,1.0
160393,2.0,1.0,1.0
160393,3.0,1.0,1.0
160393,4.0,1.0,1.0
160393,5.0,1.0,1.0
160393,6.0,1.0,1.0
160393,7.0,1.0,1.0
170637,0.0,1.0,1.0
170637,1.0,1.0,1.0
170637,2.0,1.0,1.0
170637,3.0,1.0,1.0
318103,0.0,1.0,1.0
318103,1.0,1.0,1.0
318103,2.0,1.0,1.0
204439,0.0,1.0,1.0
699025,0.0,1.0,1.0
544405,0.0,1.0,1.0
544405,1.0,0.0,0.0
544405,2.0,0.0,0.0
385690,0.0,1.0,1.0
385690,1.0,1.0,1.0
385690,2.0,1.0,1.0
660136,0.0,1.0,1.0
660136,1.0,1.0,1.0
660136,2.0,0.0,0.0
658095,0.0,1.0,1.0
658095,1.0,1.0,1.0
658095,2.0,0.0,0.0
656034,0.0,1.0,1.0
656034,1.0,1.0,1.0
656034,2.0,1.0,1.0
656034,3.0,0.0,0.0
407212,0.0,1.0,1.0
407212,1.0,1.0,1.0
407212,2.0,1.0,1.0
230057,0.0,1.0,1.0
230057,1.0,0.0,1.0
428715,0.0,1.0,1.0
428715,1.0,1.0,1.0
428715,2.0,1.0,1.0
242349,0.0,1.0,1.0
242349,1.0,0.0,0.0
218797,0.0,1.0,1.0
218797,1.0,1.0,1.0
218797,2.0,1.0,1.0
218797,3.0,0.0,0.0
218797,4.0,0.0,0.0
218797,5.0,0.0,0.0
473783,0.0,1.0,1.0
473783,1.0,0.0,0.0
250545,0.0,1.0,1.0
250545,1.0,1.0,1.0
250545,2.0,1.0,1.0
678585,0.0,0.0,0.0
455349,0.0,1.0,1.0
455349,1.0,1.0,1.0
575152,0.0,1.0,1.0
712370,0.0,1.0,1.0
712370,1.0,1.0,1.0
712370,2.0,1.0,1.0
712370,3.0,1.0,1.0
712370,4.0,1.0,1.0
712370,5.0,1.0,1.0
712370,6.0,1.0,1.0
712370,7.0,1.0,1.0
712370,8.0,0.0,0.0
712370,9.0,0.0,0.0
283325,0.0,1.0,1.0
283325,1.0,0.0,0.0
283325,2.0,0.0,0.0
283325,3.0,0.0,0.0
672435,0.0,1.0,1.0
672435,1.0,0.0,1.0
672435,2.0,0.0,0.0
513725,0.0,1.0,1.0
513725,1.0,1.0,1.0
513725,2.0,0.0,0.0
507580,0.0,1.0,1.0
507580,1.0,1.0,1.0
507580,2.0,1.0,1.0
507580,3.0,1.0,1.0
507580,4.0,0.0,0.0
507580,5.0,0.0,0.0
507580,6.0,0.0,0.0
507580,7.0,0.0,0.0
507580,8.0,0.0,0.0
678577,0.0,0.0,0.0
537271,0.0,1.0,1.0
597704,0.0,1.0,1.0
597704,1.0,1.0,1.0
412356,0.0,1.0,1.0
412356,1.0,1.0,1.0
412356,2.0,0.0,0.0
412356,3.0,0.0,0.0
412356,4.0,0.0,0.0
660175,0.0,1.0,1.0
660175,1.0,1.0,1.0
660175,2.0,1.0,1.0
660175,3.0,1.0,1.0
61128,0.0,1.0,1.0
61128,1.0,1.0,1.0
453322,0.0,1.0,1.0
453322,1.0,0.0,0.0
10956,0.0,1.0,1.0
10956,1.0,1.0,1.0
10956,2.0,0.0,0.0
170701,0.0,1.0,1.0
170701,1.0,1.0,1.0
170701,2.0,0.0,1.0
170701,3.0,0.0,1.0
485064,0.0,1.0,1.0
485064,1.0,1.0,1.0
485064,2.0,1.0,1.0
485064,3.0,1.0,1.0
485064,4.0,1.0,1.0
547527,0.0,1.0,1.0
201427,0.0,1.0,1.0
201427,1.0,0.0,0.0
201427,2.0,0.0,0.0
520919,0.0,1.0,1.0
520919,1.0,1.0,1.0
520919,2.0,1.0,1.0
515798,0.0,1.0,1.0
515798,1.0,1.0,1.0
438995,0.0,1.0,1.0
438995,1.0,1.0,1.0
438995,2.0,1.0,1.0
120532,0.0,1.0,1.0
120532,1.0,1.0,1.0
120532,2.0,1.0,1.0
120532,3.0,1.0,1.0
120532,4.0,1.0,1.0
120532,5.0,1.0,1.0
120532,6.0,1.0,1.0
702172,0.0,1.0,1.0
702172,1.0,1.0,1.0
338642,0.0,1.0,1.0
180955,0.0,1.0,1.0
180955,1.0,1.0,1.0
180955,2.0,1.0,1.0
180955,3.0,1.0,1.0
180955,4.0,1.0,1.0
180955,5.0,1.0,1.0
180955,6.0,1.0,1.0
578258,0.0,1.0,1.0
578258,1.0,0.0,0.0
578258,2.0,0.0,0.0
578258,3.0,0.0,0.0
578258,4.0,0.0,0.0
578258,5.0,0.0,0.0
578258,6.0,0.0,0.0
73437,0.0,1.0,1.0
73437,1.0,1.0,1.0
168671,0.0,1.0,1.0
168671,1.0,0.0,0.0
168671,2.0,0.0,0.0
168671,3.0,0.0,0.0
168671,4.0,0.0,0.0
473830,0.0,1.0,1.0
473830,1.0,1.0,1.0
473830,2.0,1.0,1.0
473830,3.0,1.0,1.0
357092,0.0,1.0,1.0
357092,1.0,1.0,1.0
357092,2.0,0.0,0.0
648938,0.0,1.0,1.0
648938,1.0,1.0,1.0
648938,2.0,1.0,1.0
648938,3.0,1.0,1.0
648938,4.0,1.0,1.0
648938,5.0,1.0,1.0
648938,6.0,1.0,1.0
648938,7.0,1.0,1.0
137958,0.0,1.0,1.0
137958,1.0,1.0,1.0
137958,2.0,1.0,1.0
137958,3.0,1.0,1.0
137958,4.0,1.0,1.0
13030,0.0,1.0,1.0
13030,1.0,1.0,1.0
13030,2.0,1.0,1.0
13030,3.0,0.0,0.0
13030,4.0,0.0,0.0
13030,5.0,0.0,0.0
13030,6.0,0.0,0.0
13030,7.0,0.0,0.0
13030,8.0,0.0,0.0
13030,9.0,0.0,0.0
13030,10.0,0.0,0.0
13030,11.0,0.0,0.0
192235,0.0,1.0,1.0
192235,1.0,1.0,1.0
192235,2.0,1.0,1.0
192235,3.0,1.0,1.0
69356,0.0,1.0,1.0
615140,0.0,1.0,1.0
615140,1.0,1.0,1.0
615140,2.0,1.0,1.0
615140,3.0,1.0,1.0
615140,0.0,1.0,1.0
615140,1.0,1.0,1.0
615140,2.0,1.0,1.0
615140,3.0,1.0,1.0
314097,0.0,1.0,1.0
314097,1.0,1.0,1.0
223990,0.0,1.0,1.0
223990,1.0,0.0,0.0
223990,2.0,0.0,0.0
223990,3.0,0.0,0.0
313075,0.0,1.0,1.0
313075,1.0,0.0,0.0
247547,0.0,1.0,1.0
247547,1.0,1.0,1.0
247547,2.0,1.0,1.0
247547,3.0,0.0,0.0
412409,0.0,1.0,1.0
412409,1.0,1.0,1.0
412409,2.0,0.0,0.0
645897,0.0,1.0,1.0
645897,1.0,1.0,1.0
645897,2.0,1.0,1.0
645897,3.0,1.0,1.0
645897,4.0,1.0,1.0
645897,5.0,1.0,1.0
477957,0.0,1.0,1.0
477957,1.0,1.0,1.0
165633,0.0,1.0,1.0
165633,1.0,1.0,1.0
165633,2.0,1.0,1.0
165633,3.0,0.0,0.0
165633,4.0,0.0,0.0
165633,5.0,0.0,0.0
165633,6.0,0.0,0.0
165633,7.0,0.0,0.0
217862,0.0,1.0,1.0
217862,1.0,0.0,0.0
571149,0.0,1.0,1.0
571149,1.0,1.0,1.0
504591,0.0,1.0,1.0
504591,1.0,1.0,1.0
504591,2.0,1.0,1.0
504591,3.0,1.0,1.0
504591,4.0,1.0,1.0
504591,5.0,1.0,1.0
504591,6.0,1.0,1.0
504591,7.0,1.0,1.0
504591,8.0,1.0,1.0
682754,0.0,1.0,1.0
682754,1.0,1.0,1.0
682754,2.0,0.0,0.0
682754,3.0,0.0,0.0
682754,4.0,0.0,0.0
682754,5.0,0.0,0.0
682754,6.0,0.0,0.0
682754,7.0,0.0,0.0
442127,0.0,1.0,1.0
442127,1.0,1.0,1.0
528130,0.0,1.0,1.0
528130,1.0,0.0,0.0
451341,0.0,1.0,1.0
525061,0.0,1.0,1.0
525061,1.0,1.0,1.0
525061,2.0,1.0,1.0
525061,3.0,1.0,1.0
69391,0.0,1.0,1.0
69391,1.0,0.0,0.0
69391,2.0,0.0,0.0
396041,0.0,1.0,1.0
396041,1.0,1.0,1.0
396041,2.0,1.0,1.0
396041,3.0,1.0,1.0
396041,4.0,1.0,1.0
396041,5.0,1.0,1.0
396041,6.0,1.0,1.0
396041,7.0,1.0,1.0
396041,8.0,1.0,1.0
206610,0.0,1.0,1.0
206610,1.0,0.0,0.0
206610,2.0,0.0,0.0
206610,3.0,0.0,0.0
206610,4.0,0.0,0.0
206610,5.0,0.0,0.0
206610,6.0,0.0,0.0
216855,0.0,1.0,1.0
216855,1.0,1.0,1.0
350992,0.0,1.0,1.0
350992,1.0,0.0,0.0
23320,0.0,1.0,1.0
23320,1.0,0.0,0.0
102170,0.0,1.0,1.0
102170,1.0,1.0,1.0
241432,0.0,1.0,1.0
241432,1.0,1.0,1.0
241432,2.0,1.0,1.0
241432,3.0,1.0,1.0
241432,4.0,1.0,1.0
656151,0.0,1.0,1.0
578325,0.0,1.0,1.0
170783,0.0,1.0,1.0
170783,1.0,1.0,1.0
170783,2.0,1.0,1.0
170783,3.0,1.0,1.0
471833,0.0,1.0,1.0
471833,1.0,1.0,1.0
471833,2.0,1.0,1.0
241436,0.0,1.0,1.0
357158,0.0,1.0,1.0
357158,1.0,1.0,1.0
357158,2.0,1.0,1.0
395042,0.0,1.0,1.0
291616,0.0,1.0,1.0
291616,1.0,1.0,1.0
291616,2.0,1.0,1.0
291616,3.0,1.0,1.0
444193,0.0,1.0,1.0
424750,0.0,1.0,1.0
424750,1.0,1.0,1.0
424750,2.0,1.0,1.0
253738,0.0,1.0,1.0
194347,0.0,1.0,1.0
194347,1.0,0.0,0.0
154408,0.0,1.0,1.0
154408,1.0,0.0,0.0
154408,2.0,0.0,0.0
711462,0.0,1.0,1.0
711462,1.0,1.0,1.0
518953,0.0,1.0,1.0
518953,1.0,1.0,1.0
518953,2.0,1.0,1.0
518953,3.0,1.0,1.0
518953,4.0,1.0,1.0
518953,5.0,1.0,1.0
518953,6.0,1.0,1.0
518953,7.0,1.0,1.0
518953,8.0,1.0,1.0
686906,0.0,1.0,1.0
686906,1.0,1.0,1.0
686906,2.0,1.0,1.0
659256,0.0,1.0,1.0
659256,1.0,1.0,1.0
659256,2.0,1.0,1.0
659256,3.0,0.0,0.0
659256,4.0,0.0,0.0
36660,0.0,1.0,1.0
547646,0.0,1.0,1.0
547646,1.0,1.0,1.0
547646,2.0,1.0,1.0
547646,3.0,0.0,0.0
64311,0.0,1.0,1.0
64311,1.0,1.0,1.0
710450,0.0,1.0,1.0
710450,1.0,1.0,1.0
710450,2.0,1.0,1.0
710450,3.0,1.0,1.0
685874,0.0,1.0,1.0
685874,1.0,1.0,1.0
328511,0.0,1.0,1.0
328511,1.0,1.0,1.0
328511,2.0,0.0,0.0
425785,0.0,1.0,1.0
634701,0.0,1.0,1.0
634701,1.0,1.0,1.0
634701,2.0,1.0,1.0
634701,3.0,0.0,0.0
634701,4.0,0.0,0.0
634701,5.0,0.0,0.0
399171,0.0,1.0,1.0
399171,1.0,1.0,1.0
399171,2.0,1.0,1.0
468801,0.0,1.0,1.0
468801,1.0,1.0,1.0
97094,0.0,1.0,1.0
97094,1.0,1.0,1.0
97094,2.0,1.0,1.0
97094,3.0,1.0,1.0
97094,4.0,1.0,1.0
384842,0.0,1.0,1.0
105297,0.0,1.0,1.0
105297,1.0,1.0,1.0
655192,0.0,1.0,1.0
655192,1.0,1.0,1.0
286551,0.0,1.0,1.0
286551,1.0,1.0,1.0
286551,2.0,1.0,1.0
286551,3.0,1.0,1.0
357206,0.0,1.0,1.0
357206,1.0,1.0,1.0
342865,0.0,1.0,1.0
342865,1.0,0.0,0.0
342865,2.0,0.0,0.0
342865,3.0,0.0,0.0
342865,4.0,0.0,0.0
342865,5.0,0.0,0.0
342865,6.0,0.0,0.0
342865,7.0,0.0,0.0
88916,0.0,0.0,0.0
692051,0.0,1.0,1.0
586580,0.0,1.0,1.0
586580,1.0,0.0,0.0
248672,0.0,1.0,1.0
248672,1.0,1.0,1.0
618351,0.0,1.0,1.0
618351,1.0,1.0,1.0
50022,0.0,1.0,1.0
50022,1.0,1.0,1.0
50022,2.0,0.0,0.0
50022,3.0,0.0,0.0
50022,4.0,0.0,0.0
50022,5.0,0.0,0.0
364396,0.0,1.0,1.0
364396,1.0,1.0,1.0
364396,2.0,1.0,1.0
421740,0.0,1.0,1.0
421740,1.0,0.0,0.0
421740,2.0,0.0,0.0
421740,3.0,0.0,0.0
421740,4.0,0.0,0.0
205673,0.0,1.0,1.0
527203,0.0,1.0,1.0
527203,1.0,1.0,1.0
527203,2.0,0.0,0.0
527203,3.0,0.0,0.0
527203,4.0,0.0,0.0
527203,5.0,0.0,0.0
527203,6.0,0.0,0.0
527203,7.0,0.0,0.0
527203,8.0,0.0,0.0
527203,9.0,0.0,0.0
527203,10.0,0.0,0.0
162665,0.0,1.0,1.0
575332,0.0,1.0,1.0
110447,0.0,1.0,1.0
110447,1.0,1.0,1.0
325482,0.0,1.0,1.0
325482,1.0,1.0,1.0
325482,2.0,0.0,0.0
325482,3.0,0.0,0.0
404329,0.0,1.0,1.0
613241,0.0,1.0,1.0
613241,1.0,0.0,0.0
459638,0.0,1.0,1.0
30577,0.0,1.0,1.0
30577,1.0,1.0,1.0
30577,2.0,1.0,1.0
30577,3.0,1.0,1.0
30577,4.0,1.0,1.0
30577,5.0,1.0,1.0
30577,6.0,1.0,1.0
30577,7.0,1.0,1.0
30577,8.0,1.0,1.0
30577,9.0,0.0,0.0
446327,0.0,1.0,1.0
446327,1.0,1.0,1.0
446327,2.0,1.0,1.0
446327,3.0,0.0,0.0
446327,4.0,0.0,0.0
613244,0.0,1.0,1.0
613244,1.0,1.0,1.0
613244,2.0,1.0,1.0
138104,0.0,1.0,1.0
138104,1.0,0.0,0.0
138104,2.0,0.0,0.0
138104,3.0,0.0,0.0
619381,0.0,1.0,1.0
619381,1.0,1.0,1.0
619381,2.0,0.0,0.0
192380,0.0,1.0,1.0
192380,1.0,1.0,1.0
223101,0.0,1.0,1.0
333702,0.0,1.0,1.0
333702,1.0,1.0,1.0
333702,2.0,1.0,1.0
333702,3.0,1.0,1.0
394115,0.0,1.0,1.0
394115,1.0,0.0,0.0
394115,2.0,0.0,0.0
394115,3.0,0.0,0.0
394115,4.0,0.0,0.0
394115,5.0,0.0,0.0
394115,6.0,0.0,0.0
394115,7.0,0.0,0.0
394115,8.0,0.0,0.0
394115,9.0,0.0,0.0
669583,0.0,1.0,1.0
669583,1.0,1.0,1.0
661378,0.0,1.0,1.0
661378,1.0,1.0,1.0
390025,0.0,1.0,1.0
390025,0.0,1.0,1.0
316299,0.0,1.0,1.0
316299,1.0,1.0,1.0
316299,2.0,1.0,1.0
316299,3.0,0.0,0.0
316299,4.0,0.0,0.0
316299,5.0,0.0,0.0
316299,6.0,0.0,0.0
316299,7.0,0.0,0.0
316299,8.0,0.0,0.0
219039,0.0,1.0,1.0
219039,1.0,0.0,0.0
219039,2.0,0.0,0.0
219039,3.0,0.0,0.0
219039,4.0,0.0,0.0
219039,5.0,0.0,0.0
219039,6.0,0.0,0.0
219039,7.0,0.0,0.0
219039,8.0,0.0,0.0
397210,0.0,0.0,0.0
397210,1.0,0.0,0.0
397210,2.0,0.0,0.0
435096,0.0,1.0,1.0
435096,1.0,1.0,1.0
453529,0.0,1.0,1.0
453529,1.0,1.0,1.0
453529,2.0,1.0,1.0
462759,0.0,1.0,1.0
462759,1.0,1.0,1.0
462759,2.0,0.0,0.0
573352,0.0,1.0,1.0
10144,0.0,1.0,1.0
10144,1.0,1.0,1.0
10144,2.0,1.0,1.0
10144,3.0,0.0,0.0
715694,0.0,1.0,1.0
715694,1.0,0.0,0.0
715694,2.0,0.0,0.0
715694,3.0,0.0,0.0
715694,4.0,0.0,0.0
715694,5.0,0.0,0.0
715694,6.0,0.0,0.0
715694,7.0,0.0,0.0
715694,8.0,0.0,0.0
715694,9.0,0.0,0.0
173990,0.0,1.0,1.0
714671,0.0,1.0,1.0
714671,1.0,1.0,1.0
714671,2.0,1.0,1.0
714671,3.0,1.0,1.0
714671,4.0,1.0,0.0
234405,0.0,1.0,1.0
450465,0.0,1.0,1.0
450465,1.0,1.0,1.0
450465,2.0,1.0,1.0
450465,3.0,0.0,0.0
657316,0.0,1.0,1.0
657316,1.0,1.0,1.0
669605,0.0,1.0,1.0
669605,1.0,1.0,1.0
448436,0.0,1.0,1.0
658364,0.0,1.0,1.0
658364,1.0,1.0,1.0
281523,0.0,1.0,1.0
170947,0.0,1.0,1.0
170947,1.0,1.0,1.0
170947,2.0,1.0,1.0
170947,3.0,1.0,1.0
446405,0.0,1.0,1.0
446405,1.0,1.0,1.0
446405,2.0,0.0,0.0
446405,3.0,0.0,0.0
713676,0.0,1.0,1.0
713676,1.0,1.0,1.0
713676,2.0,1.0,1.0
713676,3.0,1.0,1.0
713676,4.0,1.0,1.0
713676,5.0,1.0,1.0
713676,6.0,1.0,1.0
713676,7.0,1.0,1.0
713676,8.0,1.0,1.0
713676,9.0,1.0,1.0
656322,0.0,1.0,1.0
656322,1.0,1.0,1.0
656322,2.0,1.0,1.0
656322,3.0,0.0,0.0
171979,0.0,1.0,1.0
171979,1.0,0.0,0.0
200655,0.0,1.0,1.0
200655,1.0,1.0,1.0
200655,2.0,1.0,1.0
200655,3.0,1.0,1.0
200655,4.0,1.0,1.0
115660,0.0,1.0,1.0
115660,1.0,1.0,1.0
115660,2.0,0.0,0.0
115660,3.0,0.0,0.0
115660,4.0,0.0,0.0
115660,5.0,0.0,0.0
115660,6.0,0.0,0.0
580549,0.0,1.0,1.0
580549,1.0,1.0,1.0
580549,2.0,1.0,1.0
634840,0.0,1.0,1.0
634840,1.0,1.0,1.0
634840,2.0,1.0,1.0
634840,3.0,1.0,1.0
634840,4.0,1.0,1.0
634840,5.0,1.0,1.0
634840,6.0,1.0,1.0
634840,7.0,1.0,1.0
634840,8.0,1.0,1.0
634840,9.0,1.0,1.0
634840,10.0,1.0,1.0
634840,11.0,1.0,1.0
634840,12.0,1.0,1.0
634840,13.0,1.0,1.0
634840,14.0,0.0,0.0
634840,15.0,0.0,0.0
634840,16.0,0.0,0.0
634840,17.0,0.0,0.0
634840,18.0,0.0,0.0
634840,19.0,0.0,0.0
634840,20.0,0.0,0.0
634840,21.0,0.0,0.0
634840,22.0,0.0,0.0
393169,0.0,1.0,1.0
393169,1.0,0.0,0.0
393169,2.0,0.0,0.0
665565,0.0,1.0,1.0
665565,1.0,1.0,1.0
665565,2.0,1.0,1.0
665565,3.0,1.0,1.0
665565,4.0,0.0,0.0
644049,0.0,1.0,1.0
644049,1.0,0.0,0.0
468959,0.0,1.0,1.0
468959,1.0,1.0,1.0
468959,2.0,0.0,0.0
468959,3.0,0.0,0.0
469981,0.0,1.0,1.0
469981,1.0,1.0,1.0
469981,2.0,1.0,1.0
469981,3.0,1.0,1.0
469981,4.0,1.0,1.0
469981,5.0,1.0,1.0
469981,6.0,1.0,1.0
469981,7.0,1.0,1.0
469981,8.0,1.0,1.0
469981,9.0,1.0,1.0
469981,10.0,1.0,1.0
469981,11.0,1.0,1.0
469981,12.0,1.0,1.0
469981,13.0,1.0,1.0
469981,14.0,1.0,1.0
191448,0.0,1.0,1.0
191448,1.0,0.0,0.0
617427,0.0,1.0,1.0
93155,0.0,1.0,1.0
93155,1.0,1.0,1.0
481253,0.0,1.0,1.0
481253,1.0,1.0,1.0
481253,2.0,1.0,1.0
481253,3.0,1.0,1.0
481253,4.0,1.0,1.0
481253,5.0,1.0,1.0
481253,6.0,1.0,1.0
481253,7.0,1.0,1.0
481253,8.0,1.0,1.0
481253,9.0,1.0,1.0
481253,10.0,1.0,1.0
481253,11.0,1.0,1.0
481253,12.0,1.0,1.0
481253,13.0,1.0,1.0
481253,14.0,1.0,1.0
481253,15.0,1.0,1.0
481253,16.0,1.0,1.0
114660,0.0,1.0,1.0
114660,1.0,1.0,1.0
331746,0.0,1.0,1.0
331746,1.0,1.0,1.0
331746,2.0,1.0,1.0
331746,3.0,1.0,1.0
331746,4.0,1.0,1.0
331746,5.0,1.0,1.0
331746,6.0,1.0,1.0
331746,7.0,1.0,1.0
331746,8.0,0.0,0.0
331746,9.0,0.0,0.0
351212,0.0,1.0,1.0
351212,1.0,1.0,1.0
351212,2.0,1.0,1.0
351212,3.0,1.0,1.0
528355,0.0,1.0,1.0
528355,1.0,1.0,1.0
528355,2.0,1.0,1.0
528355,3.0,1.0,1.0
528355,4.0,1.0,1.0
528355,5.0,1.0,1.0
528355,6.0,1.0,1.0
528355,7.0,1.0,1.0
528355,8.0,1.0,1.0
528355,9.0,1.0,1.0
528355,10.0,1.0,1.0
528355,11.0,1.0,1.0
528355,12.0,1.0,1.0
528355,13.0,1.0,1.0
528355,14.0,1.0,1.0
207848,0.0,1.0,1.0
207848,1.0,1.0,1.0
207848,2.0,1.0,1.0
115693,0.0,1.0,1.0
115693,1.0,1.0,1.0
115693,2.0,1.0,1.0
651239,0.0,1.0,1.0
651239,1.0,1.0,1.0
651239,2.0,1.0,1.0
651239,3.0,1.0,1.0
651239,4.0,1.0,1.0
651239,5.0,1.0,1.0
651239,6.0,1.0,1.0
445431,0.0,1.0,1.0
445431,1.0,1.0,1.0
445431,2.0,0.0,0.0
184311,0.0,1.0,1.0
184311,1.0,1.0,1.0
184311,2.0,1.0,1.0
184311,3.0,0.0,0.0
184311,4.0,0.0,0.0
184311,5.0,0.0,0.0
185335,0.0,1.0,1.0
185335,1.0,1.0,1.0
185335,2.0,1.0,1.0
185335,3.0,1.0,1.0
185335,4.0,1.0,1.0
185335,5.0,1.0,1.0
185335,6.0,1.0,1.0
185335,7.0,1.0,1.0
185335,8.0,1.0,1.0
185335,9.0,1.0,1.0
557042,0.0,1.0,1.0
557042,1.0,1.0,1.0
557042,2.0,1.0,1.0
557042,3.0,1.0,1.0
557042,4.0,1.0,1.0
557042,5.0,1.0,1.0
557042,6.0,1.0,1.0
557042,7.0,1.0,1.0
557042,8.0,1.0,1.0
557042,9.0,1.0,1.0
198649,0.0,1.0,1.0
198649,1.0,0.0,0.0
689137,0.0,1.0,1.0
689137,1.0,0.0,0.0
689137,2.0,0.0,0.0
689137,3.0,0.0,0.0
689137,4.0,0.0,0.0
689137,5.0,0.0,0.0
689137,6.0,0.0,0.0
689137,7.0,0.0,0.0
612342,0.0,1.0,1.0
612342,1.0,1.0,1.0
